time,open,high,low,close,ticks
1786367940,1566.29,1566.45,1565.51,1565.52,76
1786368000,1565.57,1566.4,1565.57,1566.25,83
1786368060,1566.25,1567.22,1566.23,1567.21,86
1786368120,1567.21,1567.37,1566.78,1566.8,81
1786368180,1566.8,1567.27,1566.75,1567.03,77
1786368240,1567.03,1567.33,1566.91,1567.2,69
1786368300,1567.2,1567.5,1566.93,1566.97,85
1786368360,1566.95,1567.53,1566.81,1567.38,74
1786368420,1567.36,1567.57,1567.09,1567.51,75
1786368480,1567.35,1567.97,1567.22,1567.22,90
1786368540,1567.22,1567.39,1566.93,1567.29,79
1786368600,1567.32,1567.33,1566.76,1566.82,79
1786368660,1566.82,1566.84,1566.55,1566.77,79
1786368720,1566.77,1566.89,1566.44,1566.77,94
1786368780,1566.77,1566.77,1566.35,1566.53,82
1786368840,1566.53,1566.66,1566.31,1566.35,83
1786368900,1566.35,1567.54,1566.35,1567.54,81
1786368960,1567.54,1567.6,1567.2,1567.22,83
1786369020,1567.25,1568.22,1567.25,1567.98,81
1786369080,1567.91,1568.02,1567.77,1567.79,78
1786369140,1567.81,1567.83,1567.36,1567.55,79
1786369200,1567.55,1568.19,1567.54,1568.19,85
1786369260,1568.21,1568.55,1568.1,1568.5,82
1786369320,1568.5,1568.75,1568.0,1568.21,82
1786369380,1568.21,1568.75,1568.21,1568.75,76
1786369440,1568.77,1568.77,1567.97,1567.97,86
1786369500,1567.97,1568.08,1567.75,1567.87,88
1786369560,1567.9,1567.95,1567.23,1567.31,76
1786369620,1567.34,1567.4,1566.64,1566.91,82
1786369680,1566.83,1566.93,1566.39,1566.39,81
1786369740,1566.39,1567.17,1566.36,1567.09,86
1786369800,1567.09,1567.1,1566.76,1567.1,73
1786369860,1567.1,1567.19,1566.81,1567.0,80
1786369920,1567.0,1567.45,1566.97,1567.31,78
1786369980,1567.31,1567.6,1567.15,1567.57,87
1786370040,1567.54,1567.65,1567.32,1567.65,84
1786370100,1567.68,1567.7,1567.24,1567.7,80
1786370160,1567.73,1567.77,1567.3,1567.51,82
1786370220,1567.51,1568.04,1567.51,1567.71,90
1786370280,1567.71,1568.36,1567.68,1568.24,89
1786370340,1568.24,1568.53,1567.65,1567.98,82
1786370400,1567.96,1568.39,1567.96,1568.39,74
1786370460,1568.37,1568.68,1568.36,1568.49,75
1786370520,1568.51,1568.97,1568.48,1568.97,76
1786370580,1568.97,1569.45,1568.94,1569.41,79
1786370640,1569.49,1569.73,1569.37,1569.51,71
1786370700,1569.54,1569.57,1568.53,1568.68,82
1786370760,1568.68,1568.99,1568.36,1568.7,86
1786370820,1568.7,1568.9,1568.47,1568.47,79
1786370880,1568.47,1568.53,1567.86,1567.88,84
1786370940,1567.88,1567.88,1567.45,1567.8,77
1786371000,1567.83,1567.95,1567.66,1567.76,74
1786371060,1567.77,1568.4,1567.77,1567.91,89
1786371120,1567.89,1567.91,1567.5,1567.66,85
1786371180,1567.66,1567.71,1567.06,1567.23,84
1786371240,1567.23,1567.35,1567.0,1567.27,77
1786371300,1567.31,1567.35,1567.08,1567.18,83
1786371360,1567.18,1567.38,1566.93,1567.21,85
1786371420,1567.21,1567.52,1567.13,1567.22,73
1786371480,1567.19,1567.32,1566.89,1567.01,81
1786371540,1567.01,1567.15,1566.86,1567.1,88
1786371600,1567.1,1567.1,1566.24,1566.39,81
1786371660,1566.41,1566.93,1566.28,1566.75,78
1786371720,1566.75,1566.86,1566.05,1566.2,81
1786371780,1566.2,1566.89,1566.18,1566.38,79
1786371840,1566.38,1566.68,1566.2,1566.44,83
1786371900,1566.44,1566.98,1566.37,1566.88,86
1786371960,1566.9,1567.77,1566.56,1567.77,80
1786372020,1567.79,1567.87,1567.58,1567.72,78
1786372080,1567.72,1568.14,1567.56,1568.04,82
1786372140,1568.04,1568.13,1567.74,1567.94,81
1786372200,1567.94,1568.23,1567.38,1567.38,75
1786372260,1567.38,1567.66,1567.09,1567.2,81
1786372320,1567.17,1567.55,1566.99,1567.48,74
1786372380,1567.5,1567.92,1567.37,1567.92,74
1786372440,1567.95,1568.28,1567.88,1568.18,82
1786372500,1568.18,1568.28,1568.0,1568.18,82
1786372560,1568.18,1568.18,1567.72,1567.94,77
1786372620,1567.94,1568.19,1567.58,1567.72,74
1786372680,1567.74,1567.88,1567.46,1567.5,80
1786372740,1567.5,1567.5,1566.13,1566.17,83
1786372800,1566.17,1566.63,1566.17,1566.38,76
1786372860,1566.36,1566.87,1566.26,1566.65,77
1786372920,1566.65,1567.08,1566.65,1566.83,84
1786372980,1566.83,1566.9,1566.54,1566.78,83
1786373040,1566.78,1567.17,1566.5,1567.16,79
1786373100,1567.16,1567.48,1567.14,1567.32,83
1786373160,1567.34,1567.61,1567.11,1567.19,87
1786373220,1567.19,1567.44,1566.98,1567.41,72
1786373280,1567.39,1568.06,1567.39,1567.83,86
1786373340,1567.85,1567.85,1566.98,1566.98,81
1786373400,1566.96,1567.27,1566.84,1566.97,80
1786373460,1566.93,1567.06,1566.75,1566.99,78
1786373520,1566.99,1567.01,1566.55,1566.9,84
1786373580,1566.88,1567.44,1566.79,1567.18,89
1786373640,1567.2,1567.6,1566.95,1567.25,78
1786373700,1567.25,1567.59,1567.1,1567.51,83
1786373760,1567.51,1567.73,1566.98,1567.0,79
1786373820,1567.03,1567.07,1566.39,1566.49,87
1786373880,1566.45,1567.31,1566.43,1567.29,90
1786373940,1567.29,1567.55,1566.98,1567.0,79
1786374000,1567.0,1567.03,1566.54,1566.61,80
1786374060,1566.61,1566.98,1566.45,1566.77,77
1786374120,1566.77,1566.96,1566.43,1566.52,81
1786374180,1566.52,1567.07,1566.5,1566.65,83
1786374240,1566.63,1566.76,1566.31,1566.57,81
1786374300,1566.57,1566.57,1566.2,1566.41,70
1786374360,1566.41,1567.35,1566.41,1567.3,87
1786374420,1567.16,1567.38,1566.28,1566.28,79
1786374480,1566.35,1566.4,1565.95,1566.11,77
1786374540,1566.15,1566.31,1565.78,1566.17,77
1786374600,1566.13,1566.27,1565.91,1565.95,71
1786374660,1565.95,1565.96,1565.58,1565.66,80
1786374720,1565.66,1565.81,1565.55,1565.75,85
1786374780,1565.75,1565.94,1565.5,1565.84,74
1786374840,1565.81,1566.24,1565.81,1565.88,79
1786374900,1565.88,1565.97,1565.47,1565.71,83
1786374960,1565.71,1565.76,1565.12,1565.4,84
1786375020,1565.4,1565.64,1565.23,1565.64,85
1786375080,1565.64,1566.5,1565.64,1566.48,85
1786375140,1566.48,1566.48,1565.97,1565.97,74
1786375200,1565.95,1566.06,1565.67,1565.78,68
1786375260,1565.76,1565.77,1565.1,1565.12,71
1786375320,1565.12,1565.19,1564.52,1564.9,87
1786375380,1564.92,1565.21,1564.89,1565.01,77
1786375440,1565.03,1565.13,1564.7,1564.84,84
1786375500,1564.82,1564.95,1564.46,1564.46,85
1786375560,1564.46,1565.6,1564.46,1565.6,78
1786375620,1565.54,1565.94,1565.45,1565.88,84
1786375680,1565.86,1565.96,1565.43,1565.67,73
1786375740,1565.6,1566.17,1565.58,1566.08,76
1786375800,1566.08,1566.22,1565.67,1565.78,85
1786375860,1565.78,1565.82,1565.24,1565.24,79
1786375920,1565.24,1565.71,1565.24,1565.7,82
1786375980,1565.7,1565.94,1565.47,1565.91,82
1786376040,1565.91,1565.96,1565.62,1565.78,82
1786376100,1565.78,1566.02,1565.64,1565.89,83
1786376160,1565.89,1566.64,1565.83,1566.55,88
1786376220,1566.55,1566.55,1565.88,1566.09,74
1786376280,1566.09,1566.13,1565.71,1565.98,76
1786376340,1566.09,1566.33,1565.79,1566.33,87
1786376400,1566.33,1566.4,1565.73,1565.84,80
1786376460,1565.77,1566.1,1565.75,1565.95,85
1786376520,1565.97,1566.38,1565.73,1566.36,81
1786376580,1566.36,1566.37,1566.05,1566.07,73
1786376640,1566.07,1566.3,1566.03,1566.06,76
1786376700,1566.04,1566.72,1565.87,1566.69,82
1786376760,1566.69,1567.01,1566.59,1566.92,71
1786376820,1566.92,1567.0,1566.21,1566.26,84
1786376880,1566.26,1566.3,1565.85,1566.05,79
1786376940,1566.05,1566.15,1565.52,1565.52,84
1786377000,1565.52,1566.09,1565.52,1566.01,88
1786377060,1566.01,1566.79,1565.96,1566.75,74
1786377120,1566.73,1567.45,1566.69,1567.36,79
1786377180,1567.38,1567.87,1567.32,1567.6,78
1786377240,1567.6,1567.72,1567.14,1567.14,75
1786377300,1567.11,1567.18,1566.8,1566.86,76
1786377360,1566.86,1566.95,1566.37,1566.42,86
1786377420,1566.42,1566.58,1566.21,1566.56,75
1786377480,1566.6,1566.64,1566.22,1566.23,87
1786377540,1566.21,1566.25,1565.91,1566.17,79
1786377600,1566.14,1566.36,1565.79,1565.95,84
1786377660,1565.95,1566.29,1565.86,1566.05,76
1786377720,1566.03,1566.12,1565.79,1565.8,82
1786377780,1565.8,1566.32,1565.78,1566.28,74
1786377840,1566.28,1566.59,1566.07,1566.34,75
1786377900,1566.34,1566.93,1566.17,1566.9,78
1786377960,1566.9,1567.14,1566.63,1566.69,80
1786378020,1566.71,1566.71,1566.26,1566.52,68
1786378080,1566.52,1566.59,1565.98,1565.98,77
1786378140,1565.96,1566.32,1565.94,1566.28,81
1786378200,1566.28,1566.4,1565.99,1566.02,75
1786378260,1565.98,1566.32,1565.95,1566.31,73
1786378320,1566.33,1566.46,1565.73,1565.91,81
1786378380,1565.93,1566.09,1565.34,1565.48,68
1786378440,1565.48,1565.91,1565.48,1565.91,75
1786378500,1565.91,1566.28,1565.55,1565.86,90
1786378560,1565.89,1565.89,1564.94,1565.03,86
1786378620,1565.03,1566.08,1565.03,1565.98,78
1786378680,1566.0,1566.34,1565.76,1565.76,72
1786378740,1565.71,1566.41,1565.68,1566.14,90
1786378800,1566.14,1566.35,1565.84,1565.87,81
1786378860,1565.87,1566.16,1565.62,1565.8,78
1786378920,1565.8,1565.87,1565.11,1565.11,75
1786378980,1565.11,1565.11,1564.71,1565.05,78
1786379040,1565.03,1565.53,1565.03,1565.28,82
1786379100,1565.25,1565.56,1565.04,1565.27,86
1786379160,1565.27,1565.42,1564.51,1564.76,77
1786379220,1564.76,1564.77,1564.42,1564.42,76
1786379280,1564.42,1564.44,1563.9,1564.23,80
1786379340,1564.23,1564.47,1564.07,1564.14,88
1786379400,1564.14,1564.4,1563.94,1564.38,85
1786379460,1564.36,1564.48,1563.99,1564.35,79
1786379520,1564.33,1564.35,1563.77,1564.04,76
1786379580,1564.02,1565.14,1563.86,1565.13,75
1786379640,1565.15,1565.36,1564.98,1565.03,76
1786379700,1564.98,1565.0,1564.6,1564.66,77
1786379760,1564.64,1564.81,1564.36,1564.45,83
1786379820,1564.45,1564.84,1564.32,1564.78,86
1786379880,1564.78,1565.36,1564.73,1564.73,79
1786379940,1564.73,1565.37,1564.65,1565.16,79
1786380000,1565.16,1565.22,1564.83,1564.87,73
1786380060,1564.82,1565.33,1564.68,1565.01,85
1786380120,1565.06,1565.1,1564.44,1564.9,92
1786380180,1564.9,1565.03,1564.41,1564.41,78
1786380240,1564.41,1564.42,1564.0,1564.12,83
1786380300,1564.16,1564.18,1563.55,1563.62,81
1786380360,1563.62,1564.1,1563.33,1564.1,76
1786380420,1564.1,1564.32,1563.56,1563.87,86
1786380480,1563.88,1564.63,1563.82,1564.63,77
1786380540,1564.66,1564.83,1563.79,1563.79,82
1786380600,1563.81,1564.29,1563.81,1563.97,83
1786380660,1563.99,1564.08,1563.36,1563.79,81
1786380720,1563.77,1563.77,1563.37,1563.5,81
1786380780,1563.5,1563.81,1563.43,1563.43,79
1786380840,1563.43,1563.43,1563.03,1563.2,78
1786380900,1563.2,1563.45,1562.87,1563.32,80
1786380960,1563.32,1564.13,1563.3,1564.13,83
1786381020,1564.13,1564.6,1563.83,1564.16,80
1786381080,1564.19,1564.22,1563.2,1563.3,81
1786381140,1563.3,1563.93,1563.3,1563.93,77
1786381200,1563.93,1564.23,1563.74,1564.11,75
1786381260,1564.11,1564.11,1563.66,1563.95,87
1786381320,1563.97,1563.97,1563.52,1563.79,81
1786381380,1563.84,1564.17,1563.29,1563.6,85
1786381440,1563.51,1563.6,1562.74,1562.78,78
1786381500,1562.78,1563.44,1562.73,1563.19,80
1786381560,1563.17,1563.74,1563.11,1563.74,72
1786381620,1563.74,1563.96,1563.46,1563.79,78
1786381680,1563.77,1564.28,1563.75,1563.85,78
1786381740,1563.87,1564.27,1563.84,1564.18,82
1786381800,1564.17,1564.82,1564.17,1564.74,75
1786381860,1564.74,1565.35,1564.71,1565.35,89
1786381920,1565.35,1565.4,1564.95,1565.03,75
1786381980,1565.03,1565.76,1565.03,1565.52,81
1786382040,1565.52,1565.6,1565.01,1565.01,82
1786382100,1565.01,1565.66,1564.65,1565.66,90
1786382160,1565.66,1566.06,1565.6,1566.04,83
1786382220,1566.04,1566.16,1565.81,1565.85,89
1786382280,1565.8,1565.94,1565.32,1565.32,86
1786382340,1565.35,1565.57,1565.19,1565.35,76
1786382400,1565.42,1565.6,1565.13,1565.26,84
1786382460,1565.26,1565.41,1565.0,1565.04,80
1786382520,1565.04,1565.04,1564.64,1564.73,77
1786382580,1564.73,1564.89,1564.51,1564.79,79
1786382640,1564.77,1565.09,1564.63,1564.63,74
1786382700,1564.61,1564.79,1564.25,1564.32,79
1786382760,1564.3,1564.4,1563.96,1564.0,79
1786382820,1564.0,1564.37,1563.79,1563.9,85
1786382880,1563.9,1564.02,1563.66,1563.82,79
1786382940,1563.82,1564.36,1563.82,1564.28,76
1786383000,1564.28,1564.47,1564.07,1564.31,85
1786383060,1564.31,1564.73,1564.15,1564.62,83
1786383120,1564.62,1564.91,1564.55,1564.65,75
1786383180,1564.65,1564.65,1564.03,1564.54,83
1786383240,1564.52,1564.78,1564.1,1564.71,77
1786383300,1564.75,1564.82,1564.09,1564.12,82
1786383360,1564.1,1564.1,1563.6,1563.77,76
1786383420,1563.77,1563.79,1563.34,1563.59,77
1786383480,1563.59,1563.83,1563.07,1563.4,86
1786383540,1563.36,1563.62,1563.29,1563.39,75
1786383600,1563.39,1563.51,1562.67,1562.67,78
1786383660,1562.71,1562.89,1562.49,1562.64,70
1786383720,1562.64,1562.97,1562.6,1562.85,82
1786383780,1562.81,1562.92,1562.65,1562.66,73
1786383840,1562.68,1563.14,1562.56,1563.14,83
1786383900,1563.14,1563.21,1562.95,1562.95,81
1786383960,1562.95,1563.39,1562.73,1563.23,75
1786384020,1563.23,1563.26,1562.47,1562.6,92
1786384080,1562.6,1562.62,1562.27,1562.59,73
1786384140,1562.59,1562.65,1562.17,1562.17,77
1786384200,1562.18,1562.55,1562.07,1562.55,82
1786384260,1562.57,1562.6,1562.23,1562.6,81
1786384320,1562.63,1562.85,1562.36,1562.85,72
1786384380,1562.85,1563.03,1562.64,1563.03,78
1786384440,1563.06,1563.48,1562.78,1563.31,70
1786384500,1563.26,1563.58,1563.11,1563.53,78
1786384560,1563.55,1563.74,1563.38,1563.6,86
1786384620,1563.6,1563.6,1563.11,1563.11,76
1786384680,1563.16,1563.28,1562.76,1563.21,86
1786384740,1563.21,1563.93,1563.16,1563.59,83
1786384800,1563.62,1564.04,1563.62,1563.93,78
1786384860,1563.9,1564.3,1563.85,1564.03,74
1786384920,1564.03,1564.55,1563.97,1564.55,86
1786384980,1564.55,1564.9,1564.47,1564.72,78
1786385040,1564.72,1565.08,1564.59,1564.98,85
1786385100,1565.0,1565.15,1564.68,1564.71,73
1786385160,1564.69,1564.92,1564.66,1564.78,80
1786385220,1564.78,1564.86,1564.47,1564.48,65
1786385280,1564.44,1565.18,1564.44,1565.18,81
1786385340,1565.22,1565.68,1565.22,1565.59,73
1786385400,1565.59,1565.62,1565.02,1565.28,84
1786385460,1565.31,1565.62,1565.1,1565.59,84
1786385520,1565.59,1566.18,1565.34,1565.96,78
1786385580,1565.96,1565.98,1565.54,1565.79,74
1786385640,1565.79,1565.99,1565.58,1565.99,87
1786385700,1565.97,1566.27,1565.78,1566.27,84
1786385760,1566.27,1566.27,1565.79,1565.79,77
1786385820,1565.77,1566.06,1565.6,1565.66,75
1786385880,1565.58,1565.7,1565.07,1565.24,85
1786385940,1565.24,1565.77,1565.24,1565.64,82
1786386000,1565.64,1565.99,1565.53,1565.67,85
1786386060,1565.67,1566.0,1565.62,1565.85,81
1786386120,1565.83,1565.98,1565.4,1565.6,86
1786386180,1565.54,1565.54,1565.05,1565.05,82
1786386240,1565.05,1565.16,1564.73,1565.03,69
1786386300,1565.03,1565.58,1564.98,1565.54,74
1786386360,1565.54,1565.54,1565.0,1565.29,79
1786386420,1565.37,1565.83,1565.14,1565.83,77
1786386480,1565.81,1566.07,1565.52,1565.67,80
1786386540,1565.7,1565.72,1564.7,1564.7,86
1786386600,1564.7,1565.13,1564.7,1564.79,87
1786386660,1564.79,1564.8,1564.0,1564.14,84
1786386720,1564.14,1564.37,1563.74,1563.83,84
1786386780,1563.8,1563.95,1563.25,1563.95,77
1786386840,1563.92,1564.03,1563.4,1563.42,83
1786386900,1563.42,1563.67,1562.97,1563.0,72
1786386960,1563.0,1563.06,1562.81,1562.92,78
1786387020,1562.92,1563.32,1562.75,1563.31,67
1786387080,1563.31,1563.35,1562.91,1563.27,89
1786387140,1563.24,1563.37,1562.87,1562.91,81
1786387200,1562.91,1563.44,1562.79,1563.29,82
1786387260,1563.29,1563.42,1563.04,1563.14,82
1786387320,1563.12,1563.46,1563.0,1563.45,70
1786387380,1563.42,1563.6,1563.23,1563.47,70
1786387440,1563.52,1563.89,1563.47,1563.64,86
1786387500,1563.64,1563.97,1563.49,1563.97,75
1786387560,1564.02,1564.07,1563.79,1563.86,82
1786387620,1563.89,1564.18,1563.82,1563.87,82
1786387680,1563.87,1563.91,1563.19,1563.23,76
1786387740,1563.29,1563.38,1563.05,1563.33,85
1786387800,1563.28,1563.36,1562.97,1563.17,80
1786387860,1563.15,1563.7,1563.15,1563.36,70
1786387920,1563.36,1563.51,1563.12,1563.26,84
1786387980,1563.28,1563.5,1562.7,1562.81,75
1786388040,1562.81,1562.87,1562.32,1562.87,81
1786388100,1562.79,1562.85,1561.72,1561.85,84
1786388160,1561.83,1562.07,1561.81,1561.94,83
1786388220,1561.94,1562.67,1561.93,1562.56,80
1786388280,1562.56,1562.86,1562.43,1562.56,78
1786388340,1562.56,1562.66,1561.85,1561.85,75
1786388400,1561.85,1562.21,1561.85,1562.13,83
1786388460,1562.13,1562.4,1561.86,1562.33,76
1786388520,1562.35,1562.48,1561.95,1562.37,78
1786388580,1562.33,1562.4,1561.95,1562.15,82
1786388640,1562.15,1562.21,1561.35,1561.42,71
1786388700,1561.4,1561.55,1560.85,1561.11,76
1786388760,1561.18,1561.29,1560.44,1560.44,80
1786388820,1560.4,1560.5,1559.82,1560.42,86
1786388880,1560.43,1560.68,1560.19,1560.49,81
1786388940,1560.49,1560.49,1560.17,1560.44,85
1786389000,1560.44,1560.78,1560.33,1560.37,81
1786389060,1560.37,1560.73,1560.22,1560.23,89
1786389120,1560.27,1560.38,1559.85,1560.21,80
1786389180,1560.21,1560.21,1559.54,1559.81,80
1786389240,1559.81,1560.12,1559.36,1559.44,80
1786389300,1559.44,1559.59,1559.15,1559.28,76
1786389360,1559.25,1559.49,1559.11,1559.38,85
1786389420,1559.38,1559.94,1559.38,1559.69,79
1786389480,1559.69,1560.03,1559.64,1559.85,80
1786389540,1559.85,1560.16,1559.78,1560.05,73
1786389600,1560.05,1560.24,1559.9,1560.07,67
1786389660,1560.05,1560.31,1559.76,1559.93,77
1786389720,1559.93,1559.97,1559.56,1559.73,79
1786389780,1559.78,1559.89,1559.39,1559.39,89
1786389840,1559.39,1559.92,1559.12,1559.69,77
1786389900,1559.72,1559.79,1559.25,1559.38,75
1786389960,1559.4,1559.43,1558.98,1559.28,75
1786390020,1559.28,1559.53,1558.96,1559.26,79
1786390080,1559.26,1559.35,1558.83,1559.13,77
1786390140,1559.13,1559.15,1558.14,1558.34,77
1786390200,1558.34,1559.01,1558.3,1558.88,81
1786390260,1558.88,1559.18,1558.44,1558.58,84
1786390320,1558.58,1558.96,1558.49,1558.9,84
1786390380,1558.9,1558.97,1558.19,1558.37,77
1786390440,1558.37,1558.59,1558.24,1558.5,81
1786390500,1558.5,1558.58,1557.73,1557.73,82
1786390560,1557.76,1557.92,1557.14,1557.18,74
1786390620,1557.18,1557.47,1557.02,1557.23,81
1786390680,1557.26,1557.51,1556.6,1556.73,82
1786390740,1556.76,1557.04,1556.57,1556.61,78
1786390800,1556.61,1556.69,1556.44,1556.64,71
1786390860,1556.64,1556.66,1556.27,1556.49,74
1786390920,1556.49,1556.56,1555.9,1556.41,72
1786390980,1556.3,1556.65,1556.3,1556.44,80
1786391040,1556.44,1556.52,1556.03,1556.24,84
1786391100,1556.24,1556.43,1556.0,1556.0,81
1786391160,1556.0,1556.31,1555.94,1556.04,84
1786391220,1556.04,1557.13,1556.04,1557.08,85
1786391280,1557.08,1557.56,1557.08,1557.47,80
1786391340,1557.47,1558.12,1557.33,1557.94,77
1786391400,1557.97,1558.13,1557.65,1557.65,82
1786391460,1557.65,1558.18,1557.58,1558.16,79
1786391520,1558.14,1558.22,1557.82,1558.01,80
1786391580,1558.01,1558.36,1557.95,1558.36,75
1786391640,1558.36,1558.72,1558.26,1558.43,73
1786391700,1558.43,1558.73,1558.34,1558.6,65
1786391760,1558.62,1559.45,1558.47,1559.23,79
1786391820,1559.23,1559.39,1558.82,1559.34,82
1786391880,1559.34,1559.8,1559.34,1559.75,72
1786391940,1559.72,1559.78,1559.49,1559.6,87
1786392000,1559.55,1559.87,1559.12,1559.16,83
1786392060,1559.18,1559.45,1558.96,1559.09,84
1786392120,1559.04,1559.17,1558.41,1558.5,77
1786392180,1558.48,1558.76,1558.15,1558.19,76
1786392240,1558.19,1558.44,1558.04,1558.35,80
1786392300,1558.35,1558.57,1558.22,1558.25,76
1786392360,1558.25,1558.85,1558.23,1558.83,88
1786392420,1558.85,1559.27,1558.82,1559.25,89
1786392480,1559.25,1559.9,1559.25,1559.81,78
1786392540,1559.81,1560.34,1559.74,1560.34,80
1786392600,1560.34,1560.66,1559.69,1559.73,88
1786392660,1559.73,1560.19,1559.67,1560.14,79
1786392720,1560.12,1560.23,1559.87,1560.23,77
1786392780,1560.19,1560.78,1560.03,1560.61,86
1786392840,1560.61,1560.67,1560.2,1560.38,86
1786392900,1560.38,1560.94,1560.24,1560.88,78
1786392960,1560.86,1560.94,1560.62,1560.67,77
1786393020,1560.67,1560.82,1560.39,1560.39,75
1786393080,1560.39,1560.5,1560.21,1560.37,78
1786393140,1560.31,1561.02,1560.26,1561.02,87
1786393200,1561.02,1561.73,1561.02,1561.67,87
1786393260,1561.67,1561.67,1560.66,1560.78,86
1786393320,1560.78,1561.18,1560.72,1561.18,76
1786393380,1561.15,1561.71,1561.15,1561.57,81
1786393440,1561.57,1561.9,1561.55,1561.68,76
1786393500,1561.68,1562.36,1561.37,1562.36,76
1786393560,1562.36,1562.38,1561.96,1561.96,87
1786393620,1561.96,1562.37,1561.89,1562.37,80
1786393680,1562.37,1562.68,1562.26,1562.41,89
1786393740,1562.41,1562.41,1561.72,1561.74,78
1786393800,1561.74,1561.74,1561.4,1561.44,80
1786393860,1561.42,1561.79,1561.29,1561.32,85
1786393920,1561.3,1561.46,1560.88,1561.37,80
1786393980,1561.37,1561.56,1561.19,1561.24,90
1786394040,1561.26,1561.26,1560.76,1561.06,79
1786394100,1561.06,1561.56,1560.77,1561.49,90
1786394160,1561.52,1561.68,1561.23,1561.23,68
1786394220,1561.23,1561.23,1560.31,1560.35,83
1786394280,1560.44,1560.58,1560.28,1560.28,84
1786394340,1560.28,1560.53,1560.04,1560.2,83
1786394400,1560.2,1560.2,1559.79,1559.84,84
1786394460,1559.84,1560.12,1559.73,1559.75,79
1786394520,1559.75,1560.41,1559.75,1560.28,84
1786394580,1560.28,1560.41,1560.07,1560.17,80
1786394640,1560.17,1560.26,1559.31,1559.31,87
1786394700,1559.31,1559.36,1558.72,1559.01,72
1786394760,1559.01,1559.35,1558.76,1559.22,92
1786394820,1559.19,1559.73,1559.04,1559.65,74
1786394880,1559.65,1559.75,1559.13,1559.21,81
1786394940,1559.21,1560.18,1559.18,1560.01,77
1786395000,1560.01,1560.25,1559.66,1559.99,81
1786395060,1559.99,1560.23,1559.66,1559.69,80
1786395120,1559.69,1560.19,1559.65,1560.1,80
1786395180,1560.1,1560.34,1559.51,1559.51,70
1786395240,1559.51,1559.7,1559.25,1559.5,80
1786395300,1559.5,1559.91,1559.47,1559.87,88
1786395360,1559.91,1559.97,1559.52,1559.52,84
1786395420,1559.52,1559.97,1559.13,1559.82,76
1786395480,1559.8,1560.16,1559.74,1559.97,81
1786395540,1559.97,1559.99,1559.54,1559.61,84
1786395600,1559.61,1560.24,1559.61,1559.96,88
1786395660,1559.96,1560.3,1559.66,1560.12,81
1786395720,1560.06,1560.13,1559.72,1560.03,90
1786395780,1560.03,1560.55,1559.96,1560.35,82
1786395840,1560.33,1560.33,1559.54,1559.55,80
1786395900,1559.55,1560.07,1559.53,1559.69,83
1786395960,1559.69,1559.79,1559.22,1559.68,83
1786396020,1559.68,1561.02,1559.64,1560.82,82
1786396080,1560.86,1560.87,1560.2,1560.47,87
1786396140,1560.53,1560.78,1560.3,1560.44,73
1786396200,1560.44,1560.7,1560.11,1560.27,78
1786396260,1560.27,1560.85,1560.08,1560.66,83
1786396320,1560.66,1560.78,1560.42,1560.6,77
1786396380,1560.63,1560.63,1559.88,1560.1,86
1786396440,1560.14,1560.31,1559.59,1559.59,73
1786396500,1559.57,1560.17,1559.51,1559.82,89
1786396560,1559.8,1560.07,1559.52,1559.99,77
1786396620,1559.99,1559.99,1559.11,1559.11,82
1786396680,1559.11,1559.53,1559.02,1559.52,81
1786396740,1559.52,1559.82,1559.52,1559.75,71
1786396800,1559.76,1560.13,1559.59,1560.02,81
1786396860,1560.02,1560.38,1559.96,1560.15,80
1786396920,1560.15,1560.56,1560.03,1560.5,75
1786396980,1560.5,1560.53,1559.69,1560.09,81
1786397040,1560.09,1560.29,1559.82,1559.82,80
1786397100,1559.8,1560.06,1559.5,1559.58,81
1786397160,1559.58,1559.77,1559.14,1559.29,81
1786397220,1559.32,1559.46,1559.15,1559.26,76
1786397280,1559.26,1559.31,1558.72,1558.74,73
1786397340,1558.71,1558.71,1557.95,1558.13,88
1786397400,1558.1,1558.19,1557.79,1557.89,81
1786397460,1557.84,1558.15,1557.62,1558.0,87
1786397520,1557.96,1558.17,1557.65,1557.82,85
1786397580,1557.77,1557.86,1557.5,1557.71,80
1786397640,1557.69,1557.82,1557.26,1557.41,80
1786397700,1557.41,1557.43,1556.92,1556.94,75
1786397760,1556.94,1557.29,1556.83,1557.24,81
1786397820,1557.19,1557.36,1556.91,1557.2,79
1786397880,1557.2,1557.25,1556.69,1556.78,79
1786397940,1556.78,1557.17,1556.54,1557.15,86
1786398000,1557.15,1557.29,1556.91,1557.09,78
1786398060,1557.09,1557.57,1557.02,1557.02,81
1786398120,1557.02,1557.28,1556.89,1557.13,73
1786398180,1557.13,1557.23,1556.67,1556.67,87
1786398240,1556.65,1556.88,1556.38,1556.85,75
1786398300,1556.88,1557.21,1556.71,1556.95,81
1786398360,1556.95,1557.28,1556.67,1556.89,78
1786398420,1556.89,1556.91,1556.57,1556.91,80
1786398480,1556.86,1557.34,1556.83,1557.34,80
1786398540,1557.34,1557.69,1557.25,1557.47,85
1786398600,1557.49,1557.71,1557.18,1557.35,87
1786398660,1557.38,1558.2,1557.38,1557.87,76
1786398720,1557.87,1557.94,1557.36,1557.58,81
1786398780,1557.58,1557.94,1557.4,1557.4,69
1786398840,1557.4,1557.69,1557.19,1557.51,79
1786398900,1557.51,1557.76,1557.42,1557.59,86
1786398960,1557.59,1557.6,1557.14,1557.23,89
1786399020,1557.23,1557.29,1556.86,1557.14,82
1786399080,1557.14,1557.4,1556.94,1557.05,79
1786399140,1557.05,1557.18,1556.64,1556.73,74
1786399200,1556.73,1557.02,1556.5,1556.9,83
1786399260,1556.88,1556.88,1555.87,1556.19,81
1786399320,1556.19,1556.79,1556.03,1556.77,87
1786399380,1556.77,1556.79,1556.45,1556.66,75
1786399440,1556.62,1557.0,1556.62,1556.72,86
1786399500,1556.75,1557.36,1556.65,1557.07,82
1786399560,1557.15,1557.4,1556.95,1556.95,74
1786399620,1556.95,1557.23,1556.8,1556.83,72
1786399680,1557.06,1557.09,1556.33,1556.45,77
1786399740,1556.43,1556.91,1556.43,1556.9,66
1786399800,1556.87,1557.21,1556.74,1556.89,80
1786399860,1556.86,1556.88,1556.42,1556.76,74
1786399920,1556.76,1556.91,1556.67,1556.77,78
1786399980,1556.77,1557.13,1556.52,1557.06,76
1786400040,1557.06,1557.32,1556.74,1556.79,78
1786400100,1556.79,1557.23,1556.63,1557.13,76
1786400160,1557.13,1557.13,1556.59,1556.71,82
1786400220,1556.71,1557.01,1556.42,1556.45,68
1786400280,1556.45,1556.47,1555.81,1556.04,82
1786400340,1556.06,1556.64,1555.92,1556.45,90
1786400400,1556.45,1556.45,1555.92,1556.22,78
1786400460,1556.22,1556.22,1555.56,1555.68,75
1786400520,1555.68,1555.78,1555.61,1555.68,67
1786400580,1555.68,1555.96,1555.47,1555.56,79
1786400640,1555.56,1556.66,1555.47,1556.44,79
1786400700,1556.44,1556.61,1555.8,1555.94,80
1786400760,1555.92,1556.29,1555.72,1556.29,86
1786400820,1556.21,1556.32,1555.94,1556.06,75
1786400880,1556.01,1556.19,1555.83,1555.83,81
1786400940,1555.84,1555.98,1555.47,1555.68,86
1786401000,1555.68,1555.9,1555.62,1555.62,85
1786401060,1555.62,1555.62,1554.93,1555.15,82
1786401120,1555.15,1555.79,1555.15,1555.76,84
1786401180,1555.76,1555.83,1555.18,1555.18,85
1786401240,1555.26,1555.55,1555.23,1555.54,69
1786401300,1555.52,1555.86,1555.3,1555.82,84
1786401360,1555.82,1555.92,1555.54,1555.72,74
1786401420,1555.72,1556.14,1555.61,1556.14,83
1786401480,1556.14,1556.15,1555.29,1555.5,95
1786401540,1555.5,1555.85,1555.44,1555.8,74
1786401600,1555.78,1556.38,1555.71,1555.87,85
1786401660,1555.89,1556.33,1555.84,1556.1,75
1786401720,1556.23,1557.01,1556.23,1556.89,86
1786401780,1556.89,1557.35,1556.8,1557.21,76
1786401840,1557.21,1557.71,1557.21,1557.43,84
1786401900,1557.48,1557.64,1557.34,1557.35,78
1786401960,1557.27,1557.29,1556.69,1556.71,81
1786402020,1556.68,1556.68,1556.12,1556.39,75
1786402080,1556.37,1556.51,1555.89,1556.05,74
1786402140,1556.05,1556.06,1555.47,1555.73,77
1786402200,1555.73,1556.28,1555.67,1556.28,88
1786402260,1556.28,1556.31,1555.73,1555.8,78
1786402320,1555.8,1555.87,1555.38,1555.48,83
1786402380,1555.48,1555.48,1555.02,1555.02,79
1786402440,1555.02,1555.02,1554.09,1554.41,76
1786402500,1554.41,1554.79,1554.37,1554.69,77
1786402560,1554.69,1554.99,1554.21,1554.25,78
1786402620,1554.25,1554.34,1553.69,1553.69,80
1786402680,1553.76,1553.76,1553.08,1553.4,85
1786402740,1553.36,1553.53,1553.14,1553.39,81
1786402800,1553.39,1553.55,1552.74,1552.83,78
1786402860,1552.83,1553.27,1552.79,1553.14,74
1786402920,1553.16,1553.41,1552.6,1552.71,77
1786402980,1552.74,1553.11,1552.64,1552.92,83
1786403040,1552.92,1553.3,1552.58,1553.3,86
1786403100,1553.28,1553.31,1552.64,1552.64,84
1786403160,1552.61,1552.89,1552.59,1552.64,84
1786403220,1552.61,1552.67,1552.22,1552.3,66
1786403280,1552.3,1552.64,1552.18,1552.55,79
1786403340,1552.55,1552.6,1552.22,1552.6,80
1786403400,1552.6,1552.66,1552.16,1552.21,79
1786403460,1552.21,1552.51,1552.01,1552.12,82
1786403520,1552.12,1552.32,1551.99,1552.24,79
1786403580,1552.24,1552.6,1552.08,1552.47,84
1786403640,1552.44,1552.46,1551.79,1551.92,82
1786403700,1551.92,1552.49,1551.83,1552.04,80
1786403760,1552.04,1552.38,1551.85,1552.07,76
1786403820,1552.11,1552.23,1551.67,1551.94,85
1786403880,1551.9,1552.27,1551.79,1551.79,75
1786403940,1551.79,1551.89,1551.46,1551.52,80
1786404000,1551.52,1551.78,1551.41,1551.59,82
1786404060,1551.59,1552.08,1551.17,1551.95,87
1786404120,1551.97,1552.15,1551.82,1551.94,89
1786404180,1551.91,1552.15,1551.76,1551.87,75
1786404240,1551.84,1552.17,1551.54,1551.67,84
1786404300,1551.73,1551.78,1551.53,1551.7,80
1786404360,1551.7,1551.84,1551.31,1551.6,76
1786404420,1551.6,1551.69,1551.23,1551.27,74
1786404480,1551.27,1551.49,1550.97,1551.04,75
1786404540,1551.04,1551.04,1550.33,1550.36,82
1786404600,1550.36,1550.43,1550.08,1550.35,83
1786404660,1550.35,1550.48,1550.21,1550.42,74
1786404720,1550.42,1550.95,1550.33,1550.91,76
1786404780,1550.91,1550.97,1550.65,1550.9,81
1786404840,1550.93,1551.17,1550.58,1550.96,83
1786404900,1551.0,1551.35,1550.74,1551.25,70
1786404960,1551.25,1551.25,1550.85,1550.85,68
1786405020,1550.85,1550.99,1550.7,1550.8,85
1786405080,1550.8,1550.88,1549.91,1549.98,78
1786405140,1549.96,1550.14,1549.72,1550.01,75
1786405200,1550.03,1550.21,1549.95,1550.07,90
1786405260,1550.01,1550.57,1549.99,1550.39,81
1786405320,1550.36,1550.39,1550.0,1550.29,81
1786405380,1550.45,1550.49,1549.61,1549.72,78
1786405440,1549.72,1549.92,1549.09,1549.56,69
1786405500,1549.56,1550.2,1549.37,1550.2,81
1786405560,1550.2,1550.44,1549.95,1550.19,74
1786405620,1550.19,1550.55,1549.99,1550.55,86
1786405680,1550.55,1550.84,1550.36,1550.84,83
1786405740,1550.84,1551.0,1550.66,1550.78,79
1786405800,1550.75,1550.93,1550.43,1550.52,76
1786405860,1550.55,1551.05,1550.29,1550.96,74
1786405920,1550.93,1551.27,1550.86,1551.19,87
1786405980,1551.19,1551.87,1551.11,1551.62,77
1786406040,1551.62,1552.2,1551.59,1552.2,80
1786406100,1552.2,1552.26,1551.89,1551.99,76
1786406160,1551.95,1552.24,1551.83,1552.17,76
1786406220,1552.14,1552.2,1551.72,1551.73,80
1786406280,1551.88,1552.47,1551.82,1552.09,90
1786406340,1552.09,1552.2,1551.3,1551.36,86
1786406400,1551.31,1551.6,1551.26,1551.26,83
1786406460,1551.26,1551.58,1551.12,1551.56,77
1786406520,1551.6,1552.01,1551.51,1551.78,82
1786406580,1551.78,1551.79,1550.99,1550.99,83
1786406640,1550.99,1551.3,1550.74,1550.97,80
1786406700,1550.97,1551.02,1550.43,1550.56,76
1786406760,1550.56,1550.56,1550.04,1550.21,73
1786406820,1550.21,1550.21,1549.35,1549.39,84
1786406880,1549.39,1550.07,1549.31,1549.92,84
1786406940,1549.95,1550.13,1549.58,1549.79,87
1786407000,1549.81,1550.24,1549.56,1549.62,89
1786407060,1549.67,1549.73,1548.95,1548.95,81
1786407120,1548.95,1549.18,1548.59,1548.64,82
1786407180,1548.62,1549.49,1548.62,1549.36,67
1786407240,1549.34,1549.36,1548.78,1548.87,82
1786407300,1548.87,1548.96,1548.55,1548.77,81
1786407360,1548.8,1549.25,1548.79,1549.01,75
1786407420,1548.99,1549.95,1548.79,1549.8,84
1786407480,1549.8,1550.16,1549.73,1549.86,79
1786407540,1549.79,1549.87,1549.36,1549.55,75
1786407600,1549.53,1550.02,1549.53,1549.93,81
1786407660,1549.93,1549.98,1549.52,1549.78,83
1786407720,1549.78,1549.85,1549.2,1549.2,73
1786407780,1549.2,1549.52,1549.02,1549.33,86
1786407840,1549.33,1549.76,1549.27,1549.64,89
1786407900,1549.71,1550.27,1549.71,1550.0,77
1786407960,1549.97,1550.05,1549.66,1550.03,79
1786408020,1550.03,1550.1,1549.5,1549.64,77
1786408080,1549.64,1549.79,1549.02,1549.04,83
1786408140,1549.05,1549.27,1548.53,1549.27,85
1786408200,1549.26,1549.46,1549.02,1549.41,91
1786408260,1549.43,1549.46,1548.76,1549.14,78
1786408320,1549.17,1549.56,1548.89,1549.56,74
1786408380,1549.54,1549.69,1549.35,1549.62,86
1786408440,1549.62,1549.66,1549.1,1549.1,89
1786408500,1549.1,1549.36,1548.81,1549.34,71
1786408560,1549.36,1549.38,1548.49,1548.7,77
1786408620,1548.73,1549.05,1548.62,1548.99,78
1786408680,1548.92,1548.92,1548.28,1548.35,78
1786408740,1548.35,1548.35,1547.65,1547.79,80
1786408800,1547.79,1548.5,1547.79,1547.98,75
1786408860,1547.93,1548.43,1547.62,1547.72,72
1786408920,1547.72,1547.77,1547.47,1547.56,80
1786408980,1547.56,1547.75,1547.35,1547.45,79
1786409040,1547.45,1547.63,1546.9,1546.9,81
1786409100,1546.9,1546.93,1546.32,1546.34,80
1786409160,1546.34,1546.61,1546.14,1546.14,86
1786409220,1546.14,1546.65,1546.12,1546.64,74
1786409280,1546.66,1547.08,1546.5,1547.04,88
1786409340,1547.04,1547.6,1546.97,1547.47,82
1786409400,1547.5,1547.65,1547.35,1547.61,81
1786409460,1547.61,1547.61,1546.94,1547.25,72
1786409520,1547.27,1547.57,1547.17,1547.39,85
1786409580,1547.37,1547.46,1546.91,1546.96,87
1786409640,1546.94,1547.12,1546.42,1546.5,84
1786409700,1546.52,1546.52,1545.84,1546.02,76
1786409760,1546.08,1546.64,1546.08,1546.62,72
1786409820,1546.62,1546.71,1546.39,1546.49,86
1786409880,1546.51,1546.54,1545.95,1546.09,83
1786409940,1546.09,1546.58,1545.94,1546.51,78
1786410000,1546.51,1546.62,1546.4,1546.48,77
1786410060,1546.48,1546.59,1545.89,1546.05,82
1786410120,1546.05,1546.56,1546.05,1546.55,79
1786410180,1546.55,1547.48,1546.55,1547.43,83
1786410240,1547.43,1547.54,1547.25,1547.34,83
1786410300,1547.34,1547.53,1547.16,1547.16,80
1786410360,1547.16,1547.21,1546.63,1546.91,75
1786410420,1546.89,1546.89,1546.33,1546.68,85
1786410480,1546.68,1546.93,1546.43,1546.43,81
1786410540,1546.43,1546.45,1546.09,1546.3,80
1786410600,1546.3,1546.4,1545.74,1545.82,82
1786410660,1545.82,1546.14,1545.78,1546.02,79
1786410720,1546.02,1546.31,1545.78,1546.15,70
1786410780,1546.2,1546.59,1546.1,1546.37,81
1786410840,1546.37,1546.97,1546.34,1546.88,83
1786410900,1546.88,1547.12,1546.57,1546.75,76
1786410960,1546.7,1546.95,1546.41,1546.94,80
1786411020,1546.94,1547.11,1546.14,1546.14,72
1786411080,1546.14,1546.6,1546.06,1546.34,77
1786411140,1546.34,1546.5,1546.17,1546.39,84
1786411200,1546.39,1546.47,1546.16,1546.36,86
1786411260,1546.33,1546.49,1546.18,1546.23,81
1786411320,1546.23,1546.91,1546.15,1546.88,84
1786411380,1546.85,1546.92,1546.36,1546.44,77
1786411440,1546.49,1546.8,1546.49,1546.53,79
1786411500,1546.53,1546.88,1546.39,1546.86,85
1786411560,1546.86,1547.1,1546.77,1546.86,78
1786411620,1546.86,1546.86,1546.23,1546.42,92
1786411680,1546.42,1546.81,1546.42,1546.54,76
1786411740,1546.65,1547.13,1546.58,1546.58,76
1786411800,1546.56,1547.11,1546.51,1547.03,76
1786411860,1547.03,1547.05,1546.46,1546.46,87
1786411920,1546.44,1546.88,1546.41,1546.75,89
1786411980,1546.75,1546.85,1546.37,1546.46,74
1786412040,1546.48,1546.6,1546.19,1546.34,81
1786412100,1546.34,1546.48,1545.96,1546.23,85
1786412160,1546.23,1546.23,1545.7,1545.71,69
1786412220,1545.71,1546.37,1545.71,1546.13,81
1786412280,1546.15,1546.9,1546.15,1546.9,83
1786412340,1546.92,1547.19,1546.71,1547.07,83
1786412400,1547.07,1547.16,1546.52,1546.58,82
1786412460,1546.58,1546.77,1546.37,1546.63,82
1786412520,1546.63,1547.09,1546.56,1547.05,68
1786412580,1547.1,1547.18,1546.81,1547.16,76
1786412640,1547.16,1547.27,1546.77,1546.77,82
1786412700,1546.73,1546.96,1546.44,1546.47,82
1786412760,1546.45,1546.56,1546.03,1546.03,84
1786412820,1545.83,1545.86,1545.34,1545.49,78
1786412880,1545.53,1545.67,1545.21,1545.67,87
1786412940,1545.65,1545.85,1545.43,1545.43,83
1786413000,1545.43,1545.75,1545.23,1545.27,78
1786413060,1545.27,1545.79,1545.27,1545.65,78
1786413120,1545.65,1545.73,1545.38,1545.39,68
1786413180,1545.39,1545.42,1544.83,1544.83,84
1786413240,1544.83,1545.07,1544.52,1544.85,77
1786413300,1544.85,1544.93,1544.24,1544.4,72
1786413360,1544.37,1544.63,1544.35,1544.53,74
1786413420,1544.53,1544.79,1544.51,1544.54,73
1786413480,1544.54,1544.77,1544.45,1544.64,83
1786413540,1544.64,1544.81,1544.41,1544.81,83
1786413600,1544.81,1545.97,1544.73,1545.94,70
1786413660,1545.94,1546.43,1545.87,1546.43,75
1786413720,1546.43,1546.48,1545.94,1546.13,91
1786413780,1546.11,1546.38,1545.69,1545.92,78
1786413840,1545.92,1546.03,1545.57,1545.87,86
1786413900,1545.89,1546.53,1545.77,1546.22,85
1786413960,1546.21,1546.39,1545.92,1546.0,76
1786414020,1545.97,1546.23,1545.84,1546.0,82
1786414080,1546.02,1546.02,1545.56,1545.59,87
1786414140,1545.61,1546.34,1545.59,1546.27,79
1786414200,1546.27,1546.4,1545.8,1545.99,88
1786414260,1545.99,1546.34,1545.78,1546.21,90
1786414320,1546.21,1546.55,1546.06,1546.5,82
1786414380,1546.5,1546.68,1545.91,1545.96,78
1786414440,1545.96,1546.88,1545.74,1546.75,86
1786414500,1546.75,1547.03,1546.5,1546.75,88
1786414560,1546.75,1546.82,1546.37,1546.45,80
1786414620,1546.45,1546.49,1545.88,1546.24,70
1786414680,1546.24,1546.61,1546.19,1546.32,82
1786414740,1546.35,1546.39,1545.69,1545.73,75
1786414800,1545.73,1546.78,1545.63,1546.38,89
1786414860,1546.36,1546.95,1546.25,1546.69,83
1786414920,1546.69,1547.28,1546.5,1547.28,73
1786414980,1547.31,1547.9,1547.31,1547.78,77
1786415040,1547.8,1547.81,1547.3,1547.81,89
1786415100,1547.8,1547.83,1547.15,1547.15,86
1786415160,1547.13,1547.42,1547.07,1547.21,82
1786415220,1547.21,1547.48,1546.89,1546.92,78
1786415280,1546.92,1547.75,1546.92,1547.69,76
1786415340,1547.67,1547.94,1547.5,1547.5,81
1786415400,1547.5,1547.83,1547.48,1547.66,85
1786415460,1547.66,1547.69,1547.2,1547.46,85
1786415520,1547.46,1547.7,1547.35,1547.66,78
1786415580,1547.66,1547.98,1547.38,1547.98,83
1786415640,1547.98,1548.22,1547.71,1547.97,73
1786415700,1547.97,1547.99,1547.37,1547.37,75
1786415760,1547.34,1547.34,1546.83,1546.98,86
1786415820,1546.96,1547.23,1546.45,1546.59,85
1786415880,1546.59,1546.76,1546.2,1546.26,72
1786415940,1546.26,1546.33,1545.99,1546.15,84
1786416000,1546.15,1546.38,1545.84,1545.86,70
1786416060,1545.86,1545.9,1545.26,1545.27,77
1786416120,1545.25,1545.25,1544.88,1545.03,80
1786416180,1545.03,1545.24,1544.89,1545.07,86
1786416240,1545.07,1545.13,1544.65,1544.78,83
1786416300,1544.78,1544.86,1544.4,1544.46,84
1786416360,1544.46,1544.71,1544.35,1544.39,71
1786416420,1544.39,1544.63,1544.3,1544.53,78
1786416480,1544.53,1544.88,1544.4,1544.66,78
1786416540,1544.66,1545.44,1544.65,1545.29,85
1786416600,1545.29,1545.63,1545.11,1545.53,85
1786416660,1545.53,1545.93,1545.42,1545.85,78
1786416720,1545.92,1546.01,1545.13,1545.19,84
1786416780,1545.19,1545.69,1545.17,1545.43,82
1786416840,1545.47,1545.6,1545.24,1545.31,81
1786416900,1545.31,1545.49,1544.78,1544.78,73
1786416960,1544.76,1545.11,1544.61,1544.61,71
1786417020,1544.59,1544.59,1544.15,1544.25,81
1786417080,1544.25,1544.25,1543.67,1543.77,72
1786417140,1543.74,1543.81,1543.43,1543.54,88
1786417200,1543.54,1543.54,1542.84,1542.92,84
1786417260,1542.92,1543.3,1542.73,1543.3,76
1786417320,1543.3,1543.72,1543.23,1543.39,78
1786417380,1543.39,1543.61,1543.31,1543.47,78
1786417440,1543.47,1543.81,1543.45,1543.54,73
1786417500,1543.54,1543.57,1542.91,1543.03,75
1786417560,1543.03,1543.25,1542.57,1542.58,81
1786417620,1542.58,1543.27,1542.58,1543.26,86
1786417680,1543.3,1543.56,1543.2,1543.24,95
1786417740,1543.26,1543.73,1543.22,1543.25,85
1786417800,1543.25,1543.43,1542.89,1542.89,71
1786417860,1542.95,1543.08,1542.74,1542.82,81
1786417920,1542.88,1543.15,1542.66,1543.15,75
1786417980,1543.15,1543.18,1542.02,1542.02,82
1786418040,1542.04,1542.31,1541.85,1542.2,85
1786418100,1542.2,1542.32,1541.82,1542.32,89
1786418160,1542.33,1542.62,1541.7,1541.95,78
1786418220,1541.95,1542.05,1541.3,1541.45,69
1786418280,1541.48,1541.92,1541.44,1541.92,81
1786418340,1541.98,1542.2,1541.49,1541.93,79
1786418400,1541.93,1542.18,1541.88,1542.0,75
1786418460,1541.98,1542.61,1541.96,1542.2,86
1786418520,1542.2,1542.23,1541.49,1541.56,80
1786418580,1541.56,1542.21,1541.49,1542.1,87
1786418640,1542.07,1542.19,1541.51,1541.61,91
1786418700,1541.61,1541.78,1541.54,1541.65,71
1786418760,1541.65,1541.96,1541.55,1541.55,82
1786418820,1541.55,1541.61,1541.14,1541.41,82
1786418880,1541.41,1541.43,1541.08,1541.35,77
1786418940,1541.35,1541.46,1541.17,1541.46,83
1786419000,1541.43,1541.56,1541.26,1541.39,78
1786419060,1541.39,1541.86,1541.28,1541.72,78
1786419120,1541.74,1541.98,1541.38,1541.45,85
1786419180,1541.45,1541.79,1541.29,1541.79,89
1786419240,1541.79,1541.99,1541.57,1541.59,72
1786419300,1541.59,1541.72,1541.18,1541.53,80
1786419360,1541.58,1541.85,1541.45,1541.58,70
1786419420,1541.61,1541.72,1541.14,1541.63,82
1786419480,1541.55,1541.92,1541.38,1541.92,73
1786419540,1541.92,1542.2,1541.83,1542.04,82
1786419600,1542.04,1542.1,1541.6,1541.87,85
1786419660,1541.85,1542.29,1541.73,1542.29,80
1786419720,1542.29,1542.42,1542.13,1542.38,86
1786419780,1542.38,1542.41,1542.07,1542.15,78
1786419840,1542.15,1542.2,1541.62,1541.83,77
1786419900,1541.83,1542.68,1541.77,1542.3,79
1786419960,1542.4,1542.88,1542.37,1542.67,84
1786420020,1542.67,1542.72,1542.3,1542.68,82
1786420080,1542.71,1542.87,1542.5,1542.5,79
1786420140,1542.62,1542.64,1542.19,1542.36,82
1786420200,1542.33,1542.96,1542.25,1542.96,72
1786420260,1542.96,1543.06,1542.63,1542.83,77
1786420320,1542.98,1543.11,1542.76,1542.81,77
1786420380,1542.77,1543.04,1542.35,1542.58,79
1786420440,1542.56,1543.37,1542.46,1543.27,74
1786420500,1543.25,1543.35,1542.98,1543.1,74
1786420560,1543.07,1544.02,1543.03,1543.76,86
1786420620,1543.76,1544.21,1543.62,1543.89,83
1786420680,1543.89,1544.19,1543.79,1543.84,71
1786420740,1543.84,1544.63,1543.78,1544.24,82
1786420800,1544.24,1544.76,1544.08,1544.53,87
1786420860,1544.53,1545.14,1544.46,1545.14,75
1786420920,1545.14,1545.47,1545.09,1545.25,81
1786420980,1545.25,1545.95,1545.17,1545.92,72
1786421040,1545.92,1546.24,1545.9,1546.04,76
1786421100,1546.04,1546.16,1545.84,1546.01,85
1786421160,1546.03,1546.49,1545.98,1546.38,79
1786421220,1546.36,1546.65,1546.2,1546.49,77
1786421280,1546.49,1546.49,1546.02,1546.28,77
1786421340,1546.26,1546.42,1546.15,1546.35,78
1786421400,1546.3,1546.3,1545.71,1545.94,87
1786421460,1545.92,1546.03,1545.39,1545.54,83
1786421520,1545.57,1545.62,1545.18,1545.28,88
1786421580,1545.28,1545.48,1544.92,1545.02,79
1786421640,1545.02,1545.05,1544.46,1544.5,76
1786421700,1544.5,1544.59,1544.13,1544.43,78
1786421760,1544.43,1544.48,1544.17,1544.38,74
1786421820,1544.38,1544.96,1544.26,1544.94,82
1786421880,1544.94,1545.27,1544.92,1545.13,74
1786421940,1545.13,1545.4,1544.68,1544.82,84
1786422000,1544.85,1545.27,1544.34,1544.65,80
1786422060,1544.69,1544.77,1543.62,1543.67,82
1786422120,1543.6,1543.95,1543.6,1543.84,80
1786422180,1543.82,1544.01,1543.66,1543.81,85
1786422240,1543.81,1544.0,1543.26,1543.39,86
1786422300,1543.39,1543.63,1543.04,1543.04,93
1786422360,1543.02,1543.86,1543.02,1543.69,82
1786422420,1543.69,1543.96,1543.48,1543.89,78
1786422480,1543.87,1543.95,1543.63,1543.75,77
1786422540,1543.75,1543.88,1543.16,1543.2,86
1786422600,1543.12,1544.02,1543.12,1543.88,91
1786422660,1543.93,1544.15,1543.76,1543.98,75
1786422720,1543.98,1544.95,1543.82,1544.88,82
1786422780,1544.88,1545.06,1544.72,1544.82,83
1786422840,1544.82,1545.12,1544.56,1545.09,85
1786422900,1545.09,1545.46,1545.07,1545.22,84
1786422960,1545.24,1545.42,1544.84,1545.06,67
1786423020,1545.04,1545.3,1544.98,1545.23,77
1786423080,1545.23,1545.27,1544.53,1544.53,81
1786423140,1544.57,1544.91,1544.37,1544.74,83
1786423200,1544.74,1544.96,1544.61,1544.7,84
1786423260,1544.7,1545.13,1544.63,1545.05,71
1786423320,1545.03,1545.48,1545.01,1545.2,76
1786423380,1545.2,1545.45,1545.05,1545.3,77
1786423440,1545.36,1545.63,1545.17,1545.2,82
1786423500,1545.2,1545.2,1544.79,1544.83,76
1786423560,1544.83,1545.02,1544.49,1544.5,77
1786423620,1544.5,1544.91,1544.34,1544.82,81
1786423680,1544.82,1544.84,1544.39,1544.72,86
1786423740,1544.72,1545.07,1544.4,1545.01,82
1786423800,1545.01,1545.22,1544.7,1545.22,78
1786423860,1545.22,1545.95,1545.17,1545.89,83
1786423920,1545.89,1546.09,1545.46,1545.71,87
1786423980,1545.58,1545.58,1545.16,1545.3,78
1786424040,1545.3,1545.75,1545.29,1545.74,80
1786424100,1545.78,1546.16,1545.59,1545.63,79
1786424160,1545.63,1545.83,1545.5,1545.53,82
1786424220,1545.53,1545.99,1545.51,1545.97,76
1786424280,1545.97,1546.48,1545.85,1546.48,75
1786424340,1546.45,1546.65,1546.24,1546.65,80
1786424400,1546.65,1546.94,1546.52,1546.93,79
1786424460,1546.95,1547.63,1546.86,1547.57,84
1786424520,1547.55,1547.8,1547.01,1547.04,76
1786424580,1547.04,1547.85,1547.02,1547.7,73
1786424640,1547.7,1548.32,1547.63,1548.32,89
1786424700,1548.2,1548.37,1547.93,1548.2,87
1786424760,1548.2,1548.2,1547.67,1547.91,82
1786424820,1547.91,1548.32,1547.83,1548.06,87
1786424880,1548.06,1548.5,1547.89,1548.33,73
1786424940,1548.33,1548.48,1547.8,1547.8,87
1786425000,1547.8,1547.94,1547.47,1547.53,77
1786425060,1547.51,1547.95,1547.49,1547.82,76
1786425120,1547.82,1548.31,1547.79,1548.09,76
1786425180,1548.04,1548.18,1547.77,1548.16,85
1786425240,1548.16,1548.4,1548.04,1548.12,79
1786425300,1548.1,1548.48,1548.06,1548.4,74
1786425360,1548.4,1548.55,1548.04,1548.14,76
1786425420,1548.14,1548.16,1547.67,1547.82,78
1786425480,1547.82,1547.88,1547.39,1547.41,81
1786425540,1547.41,1547.92,1547.25,1547.89,87
1786425600,1547.91,1548.13,1547.7,1548.08,79
1786425660,1548.08,1548.12,1547.59,1547.79,86
1786425720,1547.79,1547.81,1546.55,1546.65,80
1786425780,1546.65,1546.67,1546.15,1546.31,88
1786425840,1546.31,1546.31,1545.81,1546.0,78
1786425900,1546.0,1546.06,1545.06,1545.22,76
1786425960,1545.22,1545.74,1544.85,1545.58,79
1786426020,1545.62,1545.9,1545.48,1545.84,70
1786426080,1545.84,1545.94,1545.62,1545.79,76
1786426140,1545.79,1545.83,1545.31,1545.49,70
1786426200,1545.53,1545.92,1545.45,1545.79,85
1786426260,1545.79,1545.94,1545.49,1545.75,79
1786426320,1545.75,1546.04,1545.46,1545.55,77
1786426380,1545.49,1545.61,1545.16,1545.21,72
1786426440,1545.21,1545.21,1544.27,1544.27,76
1786426500,1544.16,1544.41,1544.04,1544.39,80
1786426560,1544.42,1544.93,1544.22,1544.93,85
1786426620,1544.93,1545.38,1544.87,1545.33,75
1786426680,1545.31,1545.39,1544.94,1545.28,85
1786426740,1545.28,1545.51,1545.12,1545.12,78
1786426800,1545.12,1545.33,1545.05,1545.3,83
1786426860,1545.3,1545.43,1544.26,1544.62,77
1786426920,1544.62,1544.87,1544.34,1544.82,84
1786426980,1544.73,1545.04,1544.58,1545.04,84
1786427040,1545.07,1545.63,1545.05,1545.45,78
1786427100,1545.45,1545.94,1545.08,1545.84,77
1786427160,1545.84,1546.21,1545.43,1545.43,81
1786427220,1545.43,1545.74,1545.26,1545.31,78
1786427280,1545.31,1545.37,1544.99,1545.05,79
1786427340,1545.04,1545.25,1544.88,1544.88,76
1786427400,1544.85,1545.25,1544.57,1545.01,93
1786427460,1544.99,1545.12,1544.64,1544.66,78
1786427520,1544.63,1545.1,1544.6,1545.1,74
1786427580,1545.07,1545.53,1544.96,1545.43,82
1786427640,1545.43,1546.0,1545.42,1545.9,84
1786427700,1545.9,1546.6,1545.8,1546.6,84
1786427760,1546.57,1546.79,1546.42,1546.79,87
1786427820,1546.82,1546.95,1546.44,1546.73,88
1786427880,1546.73,1547.03,1546.56,1546.56,78
1786427940,1546.56,1546.89,1546.39,1546.75,77
1786428000,1546.79,1546.88,1546.32,1546.32,75
1786428060,1546.32,1546.55,1546.13,1546.3,79
1786428120,1546.3,1546.35,1545.93,1546.04,86
1786428180,1546.04,1546.17,1545.93,1546.14,76
1786428240,1546.14,1546.25,1545.7,1545.78,76
1786428300,1545.78,1546.25,1545.49,1545.49,74
1786428360,1545.48,1545.76,1545.37,1545.49,84
1786428420,1545.46,1545.56,1545.2,1545.43,94
1786428480,1545.47,1545.55,1545.32,1545.43,69
1786428540,1545.5,1545.76,1545.28,1545.6,79
1786428600,1545.62,1545.74,1545.36,1545.37,82
1786428660,1545.37,1545.48,1545.03,1545.26,76
1786428720,1545.24,1545.84,1545.12,1545.84,79
1786428780,1545.86,1546.09,1545.17,1545.6,85
1786428840,1545.6,1546.03,1545.44,1545.82,85
1786428900,1545.72,1546.06,1545.61,1545.61,82
1786428960,1545.61,1545.63,1545.27,1545.29,82
1786429020,1545.29,1545.65,1545.25,1545.51,85
1786429080,1545.51,1545.73,1544.91,1544.91,79
1786429140,1544.91,1545.03,1544.46,1544.55,89
1786429200,1544.55,1544.96,1544.4,1544.96,79
1786429260,1544.93,1545.25,1544.81,1545.21,76
1786429320,1545.23,1545.76,1545.12,1545.66,83
1786429380,1545.67,1545.85,1545.56,1545.67,82
1786429440,1545.71,1545.76,1544.52,1544.61,82
1786429500,1544.61,1544.88,1544.29,1544.5,78
1786429560,1544.36,1544.46,1544.0,1544.29,84
1786429620,1544.25,1544.38,1544.02,1544.32,87
1786429680,1544.32,1545.11,1544.32,1544.96,74
1786429740,1544.96,1545.33,1544.96,1545.02,80
1786429800,1545.05,1545.41,1544.82,1545.41,75
1786429860,1545.43,1545.76,1545.19,1545.72,81
1786429920,1545.72,1545.72,1545.29,1545.41,78
1786429980,1545.41,1545.75,1545.35,1545.35,73
1786430040,1545.35,1545.85,1545.13,1545.17,87
1786430100,1545.17,1545.6,1544.86,1545.39,85
1786430160,1545.39,1545.48,1545.0,1545.0,76
1786430220,1545.0,1545.25,1544.8,1545.16,74
1786430280,1545.14,1545.5,1544.85,1544.95,84
1786430340,1544.99,1545.5,1544.92,1545.5,83
1786430400,1545.5,1545.5,1544.92,1545.12,73
1786430460,1545.12,1545.43,1545.12,1545.22,78
1786430520,1545.22,1545.24,1544.76,1544.9,69
1786430580,1544.9,1545.01,1544.65,1544.81,81
1786430640,1544.81,1544.9,1544.42,1544.73,82
1786430700,1544.77,1545.29,1544.77,1544.97,76
1786430760,1544.97,1546.18,1544.9,1545.87,85
1786430820,1545.89,1545.89,1545.45,1545.45,77
1786430880,1545.45,1545.72,1545.28,1545.72,86
1786430940,1545.72,1546.5,1545.69,1546.48,76
1786431000,1546.48,1547.17,1546.46,1547.04,80
1786431060,1547.04,1547.04,1546.5,1546.71,84
1786431120,1546.71,1547.19,1546.69,1546.87,78
1786431180,1546.87,1547.07,1546.63,1547.07,78
1786431240,1547.04,1547.1,1546.56,1546.72,77
1786431300,1546.72,1546.79,1546.04,1546.06,79
1786431360,1546.02,1546.88,1546.02,1546.88,82
1786431420,1546.88,1547.71,1546.81,1547.63,82
1786431480,1547.63,1548.36,1547.6,1548.01,85
1786431540,1548.03,1548.05,1547.73,1547.91,77
1786431600,1547.91,1547.94,1547.29,1547.44,76
1786431660,1547.44,1547.9,1547.34,1547.74,74
1786431720,1547.87,1548.13,1547.45,1547.55,80
1786431780,1547.55,1547.58,1547.32,1547.51,84
1786431840,1547.38,1547.81,1547.21,1547.47,79
1786431900,1547.49,1547.56,1547.02,1547.04,80
1786431960,1547.04,1547.34,1546.85,1547.3,79
1786432020,1547.3,1548.23,1547.03,1548.15,81
1786432080,1548.15,1548.26,1547.38,1547.53,81
1786432140,1547.53,1548.06,1547.46,1547.91,83
1786432200,1547.72,1547.75,1547.22,1547.39,86
1786432260,1547.41,1547.63,1547.22,1547.44,80
1786432320,1547.4,1547.89,1547.4,1547.69,79
1786432380,1547.71,1548.34,1547.67,1548.34,77
1786432440,1548.34,1548.53,1548.04,1548.53,82
1786432500,1548.52,1548.76,1548.17,1548.23,83
1786432560,1548.21,1548.71,1548.16,1548.65,80
1786432620,1548.7,1548.7,1548.1,1548.28,84
1786432680,1548.32,1548.83,1548.28,1548.6,76
1786432740,1548.6,1549.13,1548.6,1549.13,75
1786432800,1549.1,1549.19,1548.84,1549.11,76
1786432860,1549.11,1549.25,1548.88,1549.07,90
1786432920,1549.07,1549.62,1548.84,1549.62,76
1786432980,1549.62,1549.81,1549.35,1549.37,79
1786433040,1549.37,1549.67,1549.15,1549.59,74
1786433100,1549.59,1549.76,1549.43,1549.75,75
1786433160,1549.75,1550.13,1549.44,1550.11,87
1786433220,1550.11,1550.48,1550.01,1550.39,81
1786433280,1550.39,1550.67,1550.19,1550.52,75
1786433340,1550.48,1550.88,1550.47,1550.49,73
1786433400,1550.49,1550.52,1549.87,1549.87,83
1786433460,1549.87,1550.19,1549.69,1550.07,82
1786433520,1550.07,1551.08,1549.87,1550.98,85
1786433580,1550.95,1551.21,1550.8,1551.1,76
1786433640,1551.06,1551.4,1551.01,1551.18,82
1786433700,1551.2,1551.2,1550.71,1550.88,80
1786433760,1550.86,1550.95,1550.11,1550.17,86
1786433820,1550.17,1550.73,1550.17,1550.55,81
1786433880,1550.55,1551.41,1550.48,1551.2,85
1786433940,1551.2,1551.49,1550.87,1551.0,85
1786434000,1551.0,1551.26,1550.79,1551.22,83
1786434060,1551.22,1551.29,1550.57,1550.88,83
1786434120,1550.88,1551.02,1550.37,1550.38,77
1786434180,1550.38,1550.55,1550.12,1550.26,81
1786434240,1550.31,1550.6,1550.18,1550.43,82
1786434300,1550.43,1550.92,1550.3,1550.92,89
1786434360,1550.92,1551.7,1550.89,1551.69,76
1786434420,1551.69,1552.2,1551.65,1551.92,81
1786434480,1551.93,1551.98,1551.51,1551.57,77
1786434540,1551.57,1552.01,1551.55,1551.7,75
1786434600,1551.7,1551.93,1551.2,1551.9,75
1786434660,1551.93,1551.98,1551.66,1551.93,84
1786434720,1551.96,1552.44,1551.96,1552.17,80
1786434780,1552.17,1552.26,1551.56,1551.56,79
1786434840,1551.58,1551.96,1551.55,1551.81,84
1786434900,1551.81,1552.28,1551.62,1552.01,72
1786434960,1552.01,1552.21,1551.6,1551.63,86
1786435020,1551.63,1552.6,1551.58,1552.6,83
1786435080,1552.6,1553.1,1552.5,1552.98,80
1786435140,1552.98,1554.03,1552.84,1553.96,78
1786435200,1553.96,1554.09,1553.86,1553.9,77
1786435260,1553.84,1554.62,1553.69,1554.39,74
1786435320,1554.41,1554.64,1554.15,1554.55,71
1786435380,1554.55,1554.85,1554.41,1554.67,86
1786435440,1554.67,1555.23,1554.62,1555.18,79
1786435500,1555.18,1555.8,1555.05,1555.62,82
1786435560,1555.6,1555.69,1555.23,1555.38,82
1786435620,1555.36,1556.07,1555.29,1555.98,89
1786435680,1556.03,1557.01,1555.89,1556.75,85
1786435740,1556.78,1557.13,1556.62,1557.09,78
1786435800,1557.09,1557.47,1556.9,1557.25,86
1786435860,1557.25,1558.15,1557.25,1558.09,78
1786435920,1558.11,1558.34,1557.86,1557.89,68
1786435980,1557.89,1557.89,1557.14,1557.18,73
1786436040,1557.18,1557.38,1556.84,1557.26,88
1786436100,1557.26,1557.48,1557.09,1557.35,76
1786436160,1557.31,1558.15,1557.31,1557.79,86
1786436220,1557.79,1558.32,1557.64,1557.94,84
1786436280,1557.94,1558.2,1557.56,1557.58,82
1786436340,1557.58,1557.8,1557.22,1557.44,74
1786436400,1557.44,1557.7,1557.32,1557.7,70
1786436460,1557.7,1557.7,1556.87,1556.91,86
1786436520,1556.94,1557.27,1556.9,1557.27,86
1786436580,1557.27,1557.27,1556.56,1556.61,76
1786436640,1556.61,1557.4,1556.61,1557.13,72
1786436700,1557.11,1557.81,1556.85,1557.81,84
1786436760,1557.81,1557.95,1557.47,1557.54,67
1786436820,1557.59,1558.12,1557.56,1557.58,78
1786436880,1557.58,1557.83,1557.52,1557.66,85
1786436940,1557.66,1558.21,1557.62,1557.96,87
1786437000,1557.93,1558.12,1557.63,1557.91,78
1786437060,1557.84,1558.15,1557.53,1558.13,85
1786437120,1558.13,1558.95,1558.13,1558.89,78
1786437180,1558.89,1558.99,1557.75,1557.89,84
1786437240,1557.89,1558.16,1557.61,1557.63,84
1786437300,1557.63,1557.67,1557.28,1557.28,90
1786437360,1557.28,1557.28,1556.59,1557.06,79
1786437420,1556.98,1557.25,1556.64,1556.65,90
1786437480,1556.65,1556.86,1556.51,1556.77,85
1786437540,1556.77,1557.06,1556.67,1556.75,78
1786437600,1556.73,1556.88,1556.52,1556.72,87
1786437660,1556.72,1556.8,1556.13,1556.3,80
1786437720,1556.37,1556.49,1556.04,1556.26,88
1786437780,1556.36,1556.36,1555.96,1556.19,86
1786437840,1556.19,1556.21,1555.93,1556.03,84
1786437900,1556.06,1556.14,1555.84,1555.94,78
1786437960,1555.96,1556.14,1555.85,1555.85,83
1786438020,1555.85,1556.11,1555.68,1555.97,78
1786438080,1556.01,1556.01,1555.46,1555.58,76
1786438140,1555.58,1556.12,1555.58,1555.7,74
1786438200,1555.7,1555.73,1555.34,1555.42,76
1786438260,1555.42,1555.86,1555.28,1555.82,74
1786438320,1555.82,1556.56,1555.73,1556.56,80
1786438380,1556.56,1556.78,1556.28,1556.32,75
1786438440,1556.32,1556.34,1555.65,1555.75,92
1786438500,1555.78,1555.96,1555.38,1555.38,84
1786438560,1555.38,1555.55,1555.14,1555.5,75
1786438620,1555.5,1555.73,1555.44,1555.51,79
1786438680,1555.43,1555.59,1555.18,1555.22,81
1786438740,1555.26,1555.62,1555.15,1555.4,75
1786438800,1555.26,1555.28,1554.84,1555.01,82
1786438860,1555.01,1555.35,1554.91,1555.35,78
1786438920,1555.35,1555.8,1555.35,1555.8,86
1786438980,1555.8,1556.81,1555.77,1556.54,86
1786439040,1556.54,1556.79,1556.16,1556.79,77
1786439100,1556.79,1557.43,1556.72,1557.38,89
1786439160,1557.38,1557.72,1557.3,1557.4,79
1786439220,1557.4,1557.55,1557.01,1557.02,74
1786439280,1557.02,1557.02,1556.69,1556.89,63
1786439340,1556.89,1557.55,1556.89,1557.41,80
1786439400,1557.41,1557.81,1557.4,1557.41,74
1786439460,1557.43,1557.98,1557.37,1557.78,78
1786439520,1557.78,1558.16,1557.69,1557.69,80
1786439580,1557.72,1558.32,1557.71,1557.71,80
1786439640,1557.71,1558.35,1557.59,1558.33,70
1786439700,1558.33,1558.95,1558.28,1558.8,83
1786439760,1558.8,1558.83,1557.8,1557.89,78
1786439820,1557.89,1558.43,1557.8,1558.28,68
1786439880,1558.28,1558.34,1557.86,1558.09,86
1786439940,1558.09,1558.09,1557.59,1557.82,78
1786440000,1557.8,1558.46,1557.5,1558.42,73
1786440060,1558.42,1558.42,1558.03,1558.32,83
1786440120,1558.32,1558.73,1558.22,1558.73,85
1786440180,1558.73,1559.43,1558.41,1559.31,90
1786440240,1559.31,1559.38,1558.81,1558.81,73
1786440300,1558.79,1559.04,1558.55,1558.79,75
1786440360,1558.77,1558.77,1558.03,1558.11,74
1786440420,1558.07,1558.14,1557.59,1557.78,84
1786440480,1557.78,1557.81,1557.46,1557.5,82
1786440540,1557.5,1558.05,1557.41,1557.93,72
1786440600,1557.96,1558.18,1557.64,1558.16,84
1786440660,1558.16,1558.6,1558.16,1558.49,94
1786440720,1558.46,1558.85,1558.31,1558.77,94
1786440780,1558.77,1558.96,1558.58,1558.77,77
1786440840,1558.77,1558.77,1558.07,1558.21,77
1786440900,1558.21,1558.21,1557.8,1557.97,77
1786440960,1557.97,1558.35,1557.79,1558.35,77
1786441020,1558.35,1558.35,1558.06,1558.06,82
1786441080,1558.06,1558.9,1557.95,1558.9,74
1786441140,1558.9,1559.02,1558.7,1558.89,82
1786441200,1558.89,1559.16,1558.79,1559.04,79
1786441260,1559.04,1559.39,1559.04,1559.22,79
1786441320,1559.22,1559.81,1559.22,1559.74,76
1786441380,1559.74,1560.28,1559.59,1559.85,79
1786441440,1559.85,1560.31,1559.76,1560.29,77
1786441500,1560.32,1560.94,1560.29,1560.9,76
1786441560,1560.86,1560.97,1560.7,1560.94,73
1786441620,1560.91,1561.17,1560.85,1561.15,82
1786441680,1561.12,1561.15,1560.3,1560.52,84
1786441740,1560.5,1582.68,1560.19,1582.07,83
1786441800,1582.07,1582.7,1581.96,1582.56,82
1786441860,1582.56,1582.56,1582.16,1582.29,79
1786441920,1582.32,1582.39,1581.99,1582.22,79
1786441980,1582.23,1582.66,1582.09,1582.54,77
1786442040,1582.54,1582.95,1582.12,1582.12,78
1786442100,1582.12,1582.19,1581.74,1582.15,79
1786442160,1582.15,1582.74,1582.03,1582.52,84
1786442220,1582.52,1582.79,1581.9,1581.93,85
1786442280,1581.85,1581.91,1581.35,1581.65,76
1786442340,1581.5,1581.72,1581.11,1581.33,78
1786442400,1581.33,1581.52,1580.74,1580.74,79
1786442460,1580.74,1580.89,1580.37,1580.6,83
1786442520,1580.6,1580.92,1580.38,1580.92,76
1786442580,1580.9,1581.06,1580.59,1580.69,82
1786442640,1580.73,1581.11,1580.47,1581.02,75
1786442700,1581.06,1581.64,1581.0,1581.54,74
1786442760,1581.54,1581.77,1581.49,1581.72,81
1786442820,1581.65,1581.88,1581.38,1581.41,82
1786442880,1581.41,1582.1,1581.41,1581.74,80
1786442940,1581.72,1582.53,1581.7,1582.51,81
1786443000,1582.53,1582.78,1582.33,1582.62,73
1786443060,1582.62,1583.2,1582.62,1582.99,80
1786443120,1582.99,1583.6,1582.96,1583.41,89
1786443180,1583.41,1583.7,1583.26,1583.53,77
1786443240,1583.51,1584.18,1583.18,1583.96,81
1786443300,1583.96,1584.51,1583.82,1584.47,78
1786443360,1584.47,1584.47,1583.77,1584.32,84
1786443420,1584.32,1584.59,1584.08,1584.47,78
1786443480,1584.47,1585.07,1584.47,1585.07,77
1786443540,1585.07,1585.42,1584.9,1585.23,75
1786443600,1585.12,1585.34,1584.54,1584.58,83
1786443660,1584.58,1584.72,1584.43,1584.67,82
1786443720,1584.65,1584.84,1584.52,1584.58,90
1786443780,1584.58,1585.01,1584.52,1584.69,75
1786443840,1584.69,1584.98,1584.39,1584.43,80
1786443900,1584.43,1584.54,1584.01,1584.52,75
1786443960,1584.55,1584.77,1584.01,1584.57,75
1786444020,1584.57,1584.57,1583.91,1583.91,80
1786444080,1583.91,1584.08,1583.75,1584.05,76
1786444140,1584.05,1584.32,1583.85,1584.1,83
1786444200,1584.1,1584.39,1584.03,1584.34,72
1786444260,1584.34,1584.36,1583.85,1584.12,80
1786444320,1584.12,1584.23,1583.62,1583.73,86
1786444380,1583.73,1584.56,1583.57,1584.56,72
1786444440,1584.56,1584.81,1584.41,1584.61,77
1786444500,1584.61,1584.86,1584.33,1584.33,79
1786444560,1584.39,1584.91,1584.32,1584.59,92
1786444620,1584.59,1584.76,1584.42,1584.57,81
1786444680,1584.57,1584.71,1584.38,1584.65,80
1786444740,1584.63,1585.04,1584.63,1584.98,68
1786444800,1584.98,1585.2,1584.86,1585.03,83
1786444860,1585.03,1585.16,1584.62,1585.14,85
1786444920,1585.16,1585.26,1584.96,1585.08,86
1786444980,1585.08,1585.11,1584.54,1584.98,83
1786445040,1584.91,1585.15,1584.68,1585.15,89
1786445100,1585.15,1585.15,1584.09,1584.12,89
1786445160,1584.12,1584.41,1583.99,1584.41,77
1786445220,1584.41,1584.41,1583.56,1583.56,84
1786445280,1583.56,1583.57,1583.17,1583.18,88
1786445340,1583.18,1583.27,1582.9,1583.19,84
1786445400,1583.19,1583.73,1583.13,1583.73,78
1786445460,1583.73,1583.9,1583.55,1583.68,80
1786445520,1583.72,1584.14,1583.14,1584.14,95
1786445580,1584.14,1585.16,1584.02,1584.94,82
1786445640,1584.94,1585.1,1584.62,1584.86,75
1786445700,1584.86,1585.16,1584.47,1585.06,81
1786445760,1585.08,1585.7,1584.97,1585.11,79
1786445820,1585.13,1585.15,1584.66,1584.99,75
1786445880,1584.97,1585.28,1584.89,1585.21,83
1786445940,1585.21,1585.22,1584.66,1584.75,77
1786446000,1584.75,1585.28,1584.53,1585.18,83
1786446060,1585.11,1586.01,1585.02,1586.01,86
1786446120,1586.01,1586.03,1585.52,1585.75,81
1786446180,1585.75,1586.12,1585.61,1586.05,87
1786446240,1586.05,1586.25,1585.82,1585.82,79
1786446300,1585.82,1586.6,1585.82,1586.34,78
1786446360,1586.32,1586.8,1586.06,1586.48,81
1786446420,1586.59,1587.3,1586.54,1587.13,80
1786446480,1587.16,1587.73,1586.96,1587.71,76
1786446540,1587.71,1587.78,1587.32,1587.39,80
1786446600,1587.39,1587.55,1587.23,1587.26,76
1786446660,1587.26,1587.56,1587.04,1587.24,83
1786446720,1587.24,1587.26,1586.81,1586.9,80
1786446780,1586.84,1586.92,1586.01,1586.12,85
1786446840,1586.09,1586.4,1585.99,1586.21,81
1786446900,1586.18,1586.89,1586.05,1586.85,83
1786446960,1586.8,1587.21,1586.77,1586.99,85
1786447020,1587.01,1587.06,1586.2,1586.22,81
1786447080,1586.22,1586.47,1586.11,1586.12,82
1786447140,1586.12,1586.3,1586.06,1586.11,73
1786447200,1586.11,1586.22,1585.72,1585.89,84
1786447260,1585.89,1586.0,1585.54,1586.0,80
1786447320,1586.0,1586.01,1585.45,1585.57,78
1786447380,1585.6,1585.64,1585.17,1585.17,81
1786447440,1585.19,1585.33,1584.75,1585.04,85
1786447500,1585.02,1585.4,1585.02,1585.29,76
1786447560,1585.37,1585.58,1585.24,1585.51,83
1786447620,1585.51,1586.1,1585.51,1585.71,87
1786447680,1585.71,1585.88,1585.61,1585.66,75
1786447740,1585.66,1585.76,1585.19,1585.21,82
1786447800,1585.21,1585.72,1584.9,1584.9,83
1786447860,1584.88,1584.92,1584.37,1584.44,84
1786447920,1584.44,1584.46,1584.06,1584.28,78
1786447980,1584.26,1584.5,1583.92,1584.5,78
1786448040,1584.5,1584.59,1584.25,1584.48,81
1786448100,1584.48,1584.77,1584.37,1584.77,76
1786448160,1584.77,1584.93,1584.48,1584.87,88
1786448220,1584.87,1585.19,1584.83,1584.97,83
1786448280,1584.97,1585.05,1584.45,1584.48,75
1786448340,1584.48,1584.62,1584.19,1584.62,75
1786448400,1584.62,1584.65,1584.37,1584.4,82
1786448460,1584.42,1584.44,1584.02,1584.28,70
1786448520,1584.28,1584.32,1583.96,1584.09,75
1786448580,1584.09,1584.24,1583.94,1584.18,76
1786448640,1584.3,1584.69,1584.27,1584.5,87
1786448700,1584.5,1584.63,1584.11,1584.19,76
1786448760,1584.17,1584.66,1584.15,1584.19,71
1786448820,1584.19,1585.07,1584.19,1584.97,75
1786448880,1584.97,1585.02,1584.55,1584.59,70
1786448940,1584.59,1584.67,1584.35,1584.52,76
1786449000,1584.42,1584.56,1584.03,1584.19,81
1786449060,1584.17,1584.46,1584.12,1584.41,79
1786449120,1584.41,1584.44,1584.01,1584.41,91
1786449180,1584.41,1584.41,1583.93,1583.93,89
1786449240,1583.93,1584.22,1583.68,1583.78,79
1786449300,1583.97,1584.82,1583.96,1584.51,74
1786449360,1584.51,1584.75,1584.18,1584.18,75
1786449420,1584.18,1584.18,1583.43,1583.47,80
1786449480,1583.54,1583.64,1582.81,1582.91,81
1786449540,1582.91,1582.91,1582.21,1582.38,81
1786449600,1582.38,1582.47,1581.99,1582.06,80
1786449660,1582.06,1582.28,1581.82,1582.16,75
1786449720,1582.23,1582.48,1581.99,1582.32,76
1786449780,1582.33,1582.54,1582.08,1582.35,95
1786449840,1582.35,1582.77,1582.29,1582.61,89
1786449900,1582.59,1583.32,1582.59,1583.16,82
1786449960,1583.14,1583.87,1583.09,1583.21,85
1786450020,1583.21,1583.91,1583.2,1583.72,79
1786450080,1583.79,1583.79,1582.96,1583.03,81
1786450140,1583.03,1583.03,1582.29,1582.67,83
1786450200,1582.67,1583.45,1582.64,1583.24,81
1786450260,1583.24,1583.33,1582.56,1582.57,80
1786450320,1582.57,1583.16,1582.48,1583.16,84
1786450380,1583.16,1583.31,1582.81,1583.1,83
1786450440,1583.1,1583.58,1582.9,1583.49,79
1786450500,1583.49,1583.49,1582.62,1582.67,78
1786450560,1582.67,1583.1,1582.64,1583.06,85
1786450620,1583.12,1583.12,1582.19,1582.58,75
1786450680,1582.58,1582.58,1581.99,1582.29,80
1786450740,1582.26,1582.46,1582.08,1582.42,72
1786450800,1582.42,1582.65,1582.26,1582.34,78
1786450860,1582.34,1582.56,1581.99,1582.06,77
1786450920,1582.06,1582.08,1581.62,1581.81,80
1786450980,1581.78,1581.97,1581.57,1581.8,84
1786451040,1581.81,1581.92,1581.47,1581.64,85
1786451100,1581.64,1581.8,1581.39,1581.5,73
1786451160,1581.5,1581.55,1581.07,1581.15,88
1786451220,1581.15,1581.15,1579.92,1580.17,84
1786451280,1580.17,1580.48,1580.11,1580.35,80
1786451340,1580.33,1580.39,1580.1,1580.32,75
1786451400,1580.32,1580.45,1580.03,1580.17,87
1786451460,1580.17,1580.27,1580.05,1580.15,70
1786451520,1580.15,1580.44,1580.15,1580.41,82
1786451580,1580.38,1580.38,1579.75,1580.02,82
1786451640,1580.02,1580.03,1579.35,1579.57,78
1786451700,1579.62,1579.83,1579.41,1579.77,87
1786451760,1579.79,1579.83,1579.02,1579.54,86
1786451820,1579.57,1579.83,1579.42,1579.8,85
1786451880,1579.8,1580.09,1579.66,1580.07,79
1786451940,1580.07,1580.47,1579.97,1580.44,83
1786452000,1580.42,1581.07,1580.14,1581.07,80
1786452060,1581.07,1581.35,1580.57,1581.35,80
1786452120,1581.35,1581.89,1581.29,1581.77,87
1786452180,1581.73,1581.75,1581.23,1581.25,77
1786452240,1581.25,1581.33,1580.93,1581.05,86
1786452300,1581.05,1581.57,1580.87,1581.34,80
1786452360,1581.34,1581.79,1581.16,1581.59,90
1786452420,1581.59,1581.79,1580.99,1581.36,76
1786452480,1581.36,1581.46,1581.15,1581.18,74
1786452540,1581.18,1581.48,1581.01,1581.41,78
1786452600,1581.38,1581.63,1581.16,1581.23,82
1786452660,1581.23,1581.53,1581.03,1581.49,76
1786452720,1581.49,1582.29,1581.49,1581.94,87
1786452780,1582.03,1582.87,1582.0,1582.83,72
1786452840,1582.79,1583.71,1582.79,1583.53,79
1786452900,1583.53,1583.53,1582.47,1582.51,83
1786452960,1582.51,1582.66,1582.39,1582.45,75
1786453020,1582.45,1582.71,1582.4,1582.58,82
1786453080,1582.58,1582.59,1582.12,1582.2,74
1786453140,1582.2,1582.49,1581.74,1582.07,86
1786453200,1582.07,1582.6,1582.02,1582.5,80
1786453260,1582.5,1582.52,1581.86,1582.22,72
1786453320,1582.22,1582.41,1581.87,1582.25,78
1786453380,1582.25,1582.56,1581.99,1582.36,80
1786453440,1582.31,1582.64,1581.91,1581.93,80
1786453500,1581.93,1581.96,1581.57,1581.59,80
1786453560,1581.61,1582.42,1581.44,1582.11,87
1786453620,1582.11,1582.21,1581.9,1581.95,71
1786453680,1581.93,1582.01,1581.67,1582.01,74
1786453740,1581.98,1581.99,1581.56,1581.9,79
1786453800,1581.95,1582.29,1581.6,1581.97,81
1786453860,1581.94,1582.16,1581.39,1581.54,89
1786453920,1581.51,1581.57,1580.72,1580.84,84
1786453980,1580.79,1580.95,1580.64,1580.81,78
1786454040,1580.81,1580.91,1580.48,1580.76,79
1786454100,1580.73,1580.73,1580.02,1580.07,74
1786454160,1580.07,1580.51,1580.02,1580.27,72
1786454220,1580.27,1580.52,1580.07,1580.37,76
1786454280,1580.37,1581.26,1580.31,1581.12,80
1786454340,1581.09,1581.16,1580.41,1580.41,82
1786454400,1580.45,1580.53,1580.02,1580.1,81
1786454460,1580.1,1580.25,1579.78,1579.83,87
1786454520,1579.76,1579.87,1579.24,1579.54,83
1786454580,1579.54,1580.03,1579.17,1580.03,71
1786454640,1580.03,1580.72,1579.98,1580.72,77
1786454700,1580.66,1580.93,1580.35,1580.93,80
1786454760,1580.93,1580.93,1580.45,1580.69,72
1786454820,1580.69,1580.86,1580.56,1580.61,81
1786454880,1580.64,1580.98,1580.59,1580.98,85
1786454940,1580.95,1581.03,1580.52,1580.93,76
1786455000,1580.95,1580.95,1580.27,1580.69,83
1786455060,1580.69,1580.94,1580.47,1580.67,91
1786455120,1580.67,1581.1,1580.53,1580.8,78
1786455180,1580.8,1581.37,1580.66,1581.37,83
1786455240,1581.37,1581.75,1581.3,1581.42,73
1786455300,1581.42,1581.6,1581.07,1581.15,71
1786455360,1581.17,1581.4,1581.0,1581.12,78
1786455420,1581.12,1581.86,1581.0,1581.83,85
1786455480,1581.83,1581.85,1581.14,1581.22,83
1786455540,1581.22,1581.34,1581.0,1581.15,84
1786455600,1581.17,1581.42,1580.39,1580.39,79
1786455660,1580.39,1580.39,1579.71,1579.78,83
1786455720,1579.75,1580.22,1579.67,1580.22,82
1786455780,1580.49,1580.57,1580.49,1580.57,5
1786455840,1580.52,1580.64,1580.21,1580.22,145
1786455900,1580.25,1580.27,1579.77,1580.15,145
1786455960,1580.18,1580.38,1580.01,1580.04,134
1786456020,1580.04,1580.82,1579.89,1580.78,141
1786456080,1580.78,1581.05,1580.42,1580.7,136
1786456140,1580.7,1580.85,1579.88,1579.88,132
1786456200,1579.88,1580.11,1579.6,1579.7,137
1786456260,1579.68,1579.68,1578.85,1578.87,144
